COUNTRY,LAT,LONG,INDICATOR,DATE,VALUE,COUNTRY_ISO,DATE_EXTRACT
Afghanistan,33.93911,67.709953,Active cases,2022-03-15,168925,AFG,2022-03-16 16:01:52+0100
Albania,41.1533,20.1683,Active cases,2022-03-15,269225,ALB,2022-03-16 16:01:52+0100
Algeria,28.0339,1.6596,Active cases,2022-03-15,258610,DZA,2022-03-16 16:01:52+0100
Andorra,42.5063,1.5218,Active cases,2022-03-15,38642,AND,2022-03-16 16:01:52+0100
Angola,-11.2027,17.8739,Active cases,2022-03-15,97056,AGO,2022-03-16 16:01:52+0100
Antarctica,-71.9499,23.347,Active cases,2022-03-15,11,ATA,2022-03-16 16:01:52+0100
Antigua and Barbuda,17.0608,-61.7964,Active cases,2022-03-15,7335,ATG,2022-03-16 16:01:52+0100
Argentina,-38.4161,-63.6167,Active cases,2022-03-15,8853860,ARG,2022-03-16 16:01:52+0100
Armenia,40.0691,45.0382,Active cases,2022-03-15,413497,ARM,2022-03-16 16:01:52+0100
Australia,-42.8821,147.3272,Active cases,2022-03-15,61879,AUS,2022-03-16 16:01:52+0100
Australia,-37.8136,144.9631,Active cases,2022-03-15,1142937,AUS,2022-03-16 16:01:52+0100
Australia,-35.4735,149.0124,Active cases,2022-03-15,61819,AUS,2022-03-16 16:01:52+0100
Australia,-34.9285,138.6007,Active cases,2022-03-15,182966,AUS,2022-03-16 16:01:52+0100
Australia,-33.8688,151.2093,Active cases,2022-03-15,1509594,AUS,2022-03-16 16:01:52+0100
Australia,-31.9505,115.8605,Active cases,2022-03-15,56295,AUS,2022-03-16 16:01:52+0100
Australia,-27.4698,153.0251,Active cases,2022-03-15,639452,AUS,2022-03-16 16:01:52+0100
Australia,-12.4634,130.8456,Active cases,2022-03-15,45438,AUS,2022-03-16 16:01:52+0100
Austria,47.5162,14.5501,Active cases,2022-03-15,3210011,AUT,2022-03-16 16:01:52+0100
Azerbaijan,40.1431,47.5769,Active cases,2022-03-15,781335,AZE,2022-03-16 16:01:52+0100
Bahamas,25.025885,-78.035889,Active cases,2022-03-15,32425,BHS,2022-03-16 16:01:52+0100
Bahrain,26.0275,50.55,Active cases,2022-03-15,538524,BHR,2022-03-16 16:01:52+0100
Bangladesh,23.685,90.3563,Active cases,2022-03-15,1920830,BGD,2022-03-16 16:01:52+0100
Barbados,13.1939,-59.5432,Active cases,2022-03-15,56904,BRB,2022-03-16 16:01:52+0100
Belarus,53.7098,27.9534,Active cases,2022-03-15,936346,BLR,2022-03-16 16:01:52+0100
Belgium,50.8333,4.469936,Active cases,2022-03-15,3627639,BEL,2022-03-16 16:01:52+0100
Belize,17.1899,-88.4976,Active cases,2022-03-15,56444,BLZ,2022-03-16 16:01:52+0100
Benin,9.3077,2.3158,Active cases,2022-03-15,26412,BEN,2022-03-16 16:01:52+0100
Bhutan,27.5142,90.4336,Active cases,2022-03-15,19428,BTN,2022-03-16 16:01:52+0100
Bolivia,-16.2902,-63.5887,Active cases,2022-03-15,876495,BOL,2022-03-16 16:01:52+0100
Bosnia and Herzegovina,43.9159,17.6791,Active cases,2022-03-15,357865,BIH,2022-03-16 16:01:52+0100
Botswana,-22.3285,24.6849,Active cases,2022-03-15,261331,BWA,2022-03-16 16:01:52+0100
Brazil,-14.235,-51.9253,Active cases,2022-03-15,28785161,BRA,2022-03-16 16:01:52+0100
Brunei,4.5353,114.7277,Active cases,2022-03-15,116753,BRN,2022-03-16 16:01:52+0100
Bulgaria,42.7339,25.4858,Active cases,2022-03-15,1081329,BGR,2022-03-16 16:01:52+0100
Burkina Faso,12.2383,-1.5616,Active cases,2022-03-15,20376,BFA,2022-03-16 16:01:52+0100
Burma,21.9162,95.956,Active cases,2022-03-15,587496,MMR,2022-03-16 16:01:52+0100
Burundi,-3.3731,29.9189,Active cases,2022-03-15,38241,BDI,2022-03-16 16:01:52+0100
Cabo Verde,16.5388,-23.0418,Active cases,2022-03-15,55510,CPV,2022-03-16 16:01:52+0100
Cambodia,11.55,104.9167,Active cases,2022-03-15,131304,KHM,2022-03-16 16:01:52+0100
Cameroon,3.848,11.5021,Active cases,2022-03-15,117396,CMR,2022-03-16 16:01:52+0100
Canada,0.0,0.0,Active cases,2022-03-15,25,CAN,2022-03-16 16:01:52+0100
Canada,44.682,-63.7443,Active cases,2022-03-15,48253,CAN,2022-03-16 16:01:52+0100
Canada,46.5107,-63.4168,Active cases,2022-03-15,20544,CAN,2022-03-16 16:01:52+0100
Canada,46.5653,-66.4619,Active cases,2022-03-15,42000,CAN,2022-03-16 16:01:52+0100
Canada,51.2538,-85.3232,Active cases,2022-03-15,1128736,CAN,2022-03-16 16:01:52+0100
Canada,52.9399,-106.4509,Active cases,2022-03-15,128153,CAN,2022-03-16 16:01:52+0100
Canada,52.9399,-73.5491,Active cases,2022-03-15,924066,CAN,2022-03-16 16:01:52+0100
Canada,53.1355,-57.6604,Active cases,2022-03-15,29289,CAN,2022-03-16 16:01:52+0100
Canada,53.7267,-127.6476,Active cases,2022-03-15,350019,CAN,2022-03-16 16:01:52+0100
Canada,53.7609,-98.8139,Active cases,2022-03-15,131551,CAN,2022-03-16 16:01:52+0100
Canada,53.9333,-116.5765,Active cases,2022-03-15,528546,CAN,2022-03-16 16:01:52+0100
Canada,56.1304,-106.3468,Active cases,2022-03-15,0,CAN,2022-03-16 16:01:52+0100
Canada,64.2823,-135.0,Active cases,2022-03-15,3561,CAN,2022-03-16 16:01:52+0100
Canada,64.8255,-124.8457,Active cases,2022-03-15,9646,CAN,2022-03-16 16:01:52+0100
Canada,70.2998,-83.1076,Active cases,2022-03-15,3260,CAN,2022-03-16 16:01:52+0100
Central African Republic,6.6111,20.9394,Active cases,2022-03-15,14536,CAF,2022-03-16 16:01:52+0100
Chad,15.4542,18.7322,Active cases,2022-03-15,7079,TCD,2022-03-16 16:01:52+0100
Chile,-35.6751,-71.543,Active cases,2022-03-15,3279285,CHL,2022-03-16 16:01:52+0100
China,0.0,0.0,Active cases,2022-03-15,0,CHN,2022-03-16 16:01:52+0100
China,19.1959,109.7453,Active cases,2022-03-15,187,CHN,2022-03-16 16:01:52+0100
China,22.1667,113.55,Active cases,2022-03-15,82,CHN,2022-03-16 16:01:52+0100
China,22.3,114.2,Active cases,2022-03-15,643063,CHN,2022-03-16 16:01:52+0100
China,23.3417,113.4244,Active cases,2022-03-15,6040,CHN,2022-03-16 16:01:52+0100
China,23.8298,108.7881,Active cases,2022-03-15,1319,CHN,2022-03-16 16:01:52+0100
China,24.974,101.487,Active cases,2022-03-15,2018,CHN,2022-03-16 16:01:52+0100
China,26.0789,117.9874,Active cases,2022-03-15,1642,CHN,2022-03-16 16:01:52+0100
China,26.8154,106.8748,Active cases,2022-03-15,166,CHN,2022-03-16 16:01:52+0100
China,27.6104,111.7088,Active cases,2022-03-15,1234,CHN,2022-03-16 16:01:52+0100
China,27.614,115.7221,Active cases,2022-03-15,958,CHN,2022-03-16 16:01:52+0100
China,29.1832,120.0934,Active cases,2022-03-15,2452,CHN,2022-03-16 16:01:52+0100
China,30.0572,107.874,Active cases,2022-03-15,657,CHN,2022-03-16 16:01:52+0100
China,30.6171,102.7103,Active cases,2022-03-15,1578,CHN,2022-03-16 16:01:52+0100
China,30.9756,112.2707,Active cases,2022-03-15,63876,CHN,2022-03-16 16:01:52+0100
China,31.202,121.4491,Active cases,2022-03-15,4847,CHN,2022-03-16 16:01:52+0100
China,31.6927,88.0924,Active cases,2022-03-15,1,CHN,2022-03-16 16:01:52+0100
China,31.8257,117.2264,Active cases,2022-03-15,1014,CHN,2022-03-16 16:01:52+0100
China,32.9711,119.455,Active cases,2022-03-15,1960,CHN,2022-03-16 16:01:52+0100
China,33.882,113.614,Active cases,2022-03-15,0,CHN,2022-03-16 16:01:52+0100
China,35.1917,108.8701,Active cases,2022-03-15,3096,CHN,2022-03-16 16:01:52+0100
China,35.7452,95.9956,Active cases,2022-03-15,32,CHN,2022-03-16 16:01:52+0100
China,35.7518,104.2861,Active cases,2022-03-15,558,CHN,2022-03-16 16:01:52+0100
China,36.3427,118.1498,Active cases,2022-03-15,2141,CHN,2022-03-16 16:01:52+0100
China,37.2692,106.1655,Active cases,2022-03-15,122,CHN,2022-03-16 16:01:52+0100
China,37.5777,112.2922,Active cases,2022-03-15,295,CHN,2022-03-16 16:01:52+0100
China,37.8957,114.9042,Active cases,2022-03-15,2689,CHN,2022-03-16 16:01:52+0100
China,39.3054,117.323,Active cases,2022-03-15,1422,CHN,2022-03-16 16:01:52+0100
China,39.549,116.1306,Active cases,2022-03-15,1664,CHN,2022-03-16 16:01:52+0100
China,40.1824,116.4142,Active cases,2022-03-15,1654,CHN,2022-03-16 16:01:52+0100
China,41.1129,85.2401,Active cases,2022-03-15,993,CHN,2022-03-16 16:01:52+0100
China,41.2956,122.6085,Active cases,2022-03-15,1118,CHN,2022-03-16 16:01:52+0100
China,43.6661,126.1923,Active cases,2022-03-15,6651,CHN,2022-03-16 16:01:52+0100
China,44.0935,113.9448,Active cases,2022-03-15,1665,CHN,2022-03-16 16:01:52+0100
China,47.862,127.7615,Active cases,2022-03-15,2130,CHN,2022-03-16 16:01:52+0100
Colombia,4.5709,-74.2973,Active cases,2022-03-15,5938526,COL,2022-03-16 16:01:52+0100
Comoros,-11.6455,43.3333,Active cases,2022-03-15,7909,COM,2022-03-16 16:01:52+0100
Congo (Brazzaville),-0.228,15.8277,Active cases,2022-03-15,23671,COG,2022-03-16 16:01:52+0100
Congo (Kinshasa),-4.0383,21.7587,Active cases,2022-03-15,85040,COD,2022-03-16 16:01:52+0100
Costa Rica,9.7489,-83.7534,Active cases,2022-03-15,818059,CRI,2022-03-16 16:01:52+0100
Cote d'Ivoire,7.54,-5.5471,Active cases,2022-03-15,80820,CIV,2022-03-16 16:01:52+0100
Croatia,45.1,15.2,Active cases,2022-03-15,1059333,HRV,2022-03-16 16:01:52+0100
Cuba,21.521757,-77.781167,Active cases,2022-03-15,1069463,CUB,2022-03-16 16:01:52+0100
Cyprus,35.1264,33.4299,Active cases,2022-03-15,359174,CYP,2022-03-16 16:01:52+0100
Czechia,49.8175,15.473,Active cases,2022-03-15,3657621,CZE,2022-03-16 16:01:52+0100
Denmark,56.2639,9.5018,Active cases,2022-03-15,2963212,DNK,2022-03-16 16:01:52+0100
Denmark,61.8926,-6.9118,Active cases,2022-03-15,34630,DNK,2022-03-16 16:01:52+0100
Denmark,71.7069,-42.6043,Active cases,2022-03-15,11875,DNK,2022-03-16 16:01:52+0100
Djibouti,11.8251,42.5903,Active cases,2022-03-15,15379,DJI,2022-03-16 16:01:52+0100
Dominica,15.415,-61.371,Active cases,2022-03-15,11467,DMA,2022-03-16 16:01:52+0100
Dominican Republic,18.7357,-70.1627,Active cases,2022-03-15,572414,DOM,2022-03-16 16:01:52+0100
Ecuador,-1.8312,-78.1834,Active cases,2022-03-15,814351,ECU,2022-03-16 16:01:52+0100
Egypt,26.820553,30.802498,Active cases,2022-03-15,471096,EGY,2022-03-16 16:01:52+0100
El Salvador,13.7942,-88.8965,Active cases,2022-03-15,152262,SLV,2022-03-16 16:01:52+0100
Equatorial Guinea,1.6508,10.2679,Active cases,2022-03-15,15715,GNQ,2022-03-16 16:01:52+0100
Eritrea,15.1794,39.7823,Active cases,2022-03-15,9619,ERI,2022-03-16 16:01:52+0100
Estonia,58.5953,25.0136,Active cases,2022-03-15,532421,EST,2022-03-16 16:01:52+0100
Eswatini,-26.5225,31.4659,Active cases,2022-03-15,68086,SWZ,2022-03-16 16:01:52+0100
Ethiopia,9.145,40.4897,Active cases,2022-03-15,461805,ETH,2022-03-16 16:01:52+0100
Fiji,-17.7134,178.065,Active cases,2022-03-15,63247,FJI,2022-03-16 16:01:52+0100
Finland,61.92411,25.748151,Active cases,2022-03-15,764501,FIN,2022-03-16 16:01:52+0100
France,-21.1151,55.5364,Active cases,2022-03-15,318006,FRA,2022-03-16 16:01:52+0100
France,-20.904305,165.618042,Active cases,2022-03-15,59320,FRA,2022-03-16 16:01:52+0100
France,-17.6797,149.4068,Active cases,2022-03-15,70181,FRA,2022-03-16 16:01:52+0100
France,-14.2938,-178.1165,Active cases,2022-03-15,447,FRA,2022-03-16 16:01:52+0100
France,-12.8275,45.166244,Active cases,2022-03-15,36558,FRA,2022-03-16 16:01:52+0100
France,3.9339,-53.1258,Active cases,2022-03-15,77754,FRA,2022-03-16 16:01:52+0100
France,14.6415,-61.0242,Active cases,2022-03-15,130466,FRA,2022-03-16 16:01:52+0100
France,16.265,-61.551,Active cases,2022-03-15,127429,FRA,2022-03-16 16:01:52+0100
France,17.9,-62.8333,Active cases,2022-03-15,3774,FRA,2022-03-16 16:01:52+0100
France,18.0708,-63.0501,Active cases,2022-03-15,9849,FRA,2022-03-16 16:01:52+0100
France,46.2276,2.2137,Active cases,2022-03-15,22858038,FRA,2022-03-16 16:01:52+0100
France,46.8852,-56.3159,Active cases,2022-03-15,1553,FRA,2022-03-16 16:01:52+0100
Gabon,-0.8037,11.6094,Active cases,2022-03-15,47267,GAB,2022-03-16 16:01:52+0100
Gambia,13.4432,-15.3101,Active cases,2022-03-15,11608,GMB,2022-03-16 16:01:52+0100
Georgia,42.3154,43.3569,Active cases,2022-03-15,1621106,GEO,2022-03-16 16:01:52+0100
Germany,51.165691,10.451526,Active cases,2022-03-15,17606800,DEU,2022-03-16 16:01:52+0100
Ghana,7.9465,-1.0232,Active cases,2022-03-15,159316,GHA,2022-03-16 16:01:52+0100
Greece,39.0742,21.8243,Active cases,2022-03-15,2658230,GRC,2022-03-16 16:01:52+0100
Grenada,12.1165,-61.679,Active cases,2022-03-15,13474,GRD,2022-03-16 16:01:52+0100
Guatemala,15.7835,-90.2308,Active cases,2022-03-15,790283,GTM,2022-03-16 16:01:52+0100
Guinea,9.9456,-9.6966,Active cases,2022-03-15,35995,GIN,2022-03-16 16:01:52+0100
Guinea-Bissau,11.8037,-15.1804,Active cases,2022-03-15,7902,GNB,2022-03-16 16:01:52+0100
Guyana,4.860416,-58.93018,Active cases,2022-03-15,61932,GUY,2022-03-16 16:01:52+0100
Haiti,18.9712,-72.2852,Active cases,2022-03-15,29646,HTI,2022-03-16 16:01:52+0100
Holy See,41.9029,12.4534,Active cases,2022-03-15,29,VAT,2022-03-16 16:01:52+0100
Honduras,15.2,-86.2419,Active cases,2022-03-15,406359,HND,2022-03-16 16:01:52+0100
Hungary,47.1625,19.5033,Active cases,2022-03-15,1769709,HUN,2022-03-16 16:01:52+0100
Iceland,64.9631,-19.0208,Active cases,2022-03-15,165216,ISL,2022-03-16 16:01:52+0100
India,20.593684,78.96288,Active cases,2022-03-15,42482866,IND,2022-03-16 16:01:52+0100
Indonesia,-0.7893,113.9213,Active cases,2022-03-15,5761787,IDN,2022-03-16 16:01:52+0100
Iran,32.427908,53.688046,Active cases,2022-03-15,6990949,IRN,2022-03-16 16:01:52+0100
Iraq,33.223191,43.679291,Active cases,2022-03-15,2288834,IRQ,2022-03-16 16:01:52+0100
Ireland,53.1424,-7.6921,Active cases,2022-03-15,1353379,IRL,2022-03-16 16:01:52+0100
Israel,31.046051,34.851612,Active cases,2022-03-15,3722180,ISR,2022-03-16 16:01:52+0100
Italy,41.87194,12.56738,Active cases,2022-03-15,13332142,ITA,2022-03-16 16:01:52+0100
Jamaica,18.1096,-77.2975,Active cases,2022-03-15,125567,JAM,2022-03-16 16:01:52+0100
Japan,36.204824,138.252924,Active cases,2022-03-15,5829307,JPN,2022-03-16 16:01:52+0100
Jordan,31.24,36.51,Active cases,2022-03-15,1666220,JOR,2022-03-16 16:01:52+0100
Kazakhstan,48.0196,66.9237,Active cases,2022-03-15,1373987,KAZ,2022-03-16 16:01:52+0100
Kenya,-0.0236,37.9062,Active cases,2022-03-15,317557,KEN,2022-03-16 16:01:52+0100
Kiribati,-3.3704,-168.734,Active cases,2022-03-15,3025,KIR,2022-03-16 16:01:52+0100
"Korea, South",35.907757,127.766922,Active cases,2022-03-15,7618223,KOR,2022-03-16 16:01:52+0100
Kosovo,42.602636,20.902977,Active cases,2022-03-15,223791,XKX,2022-03-16 16:01:52+0100
Kuwait,29.31166,47.481766,Active cases,2022-03-15,623832,KWT,2022-03-16 16:01:52+0100
Kyrgyzstan,41.20438,74.766098,Active cases,2022-03-15,197784,KGZ,2022-03-16 16:01:52+0100
Laos,19.85627,102.495496,Active cases,2022-03-15,146766,LAO,2022-03-16 16:01:52+0100
Latvia,56.8796,24.6032,Active cases,2022-03-15,745233,LVA,2022-03-16 16:01:52+0100
Lebanon,33.8547,35.8623,Active cases,2022-03-15,1075627,LBN,2022-03-16 16:01:52+0100
Lesotho,-29.61,28.2336,Active cases,2022-03-15,32078,LSO,2022-03-16 16:01:52+0100
Liberia,6.428055,-9.429499,Active cases,2022-03-15,7103,LBR,2022-03-16 16:01:52+0100
Libya,26.3351,17.228331,Active cases,2022-03-15,494143,LBY,2022-03-16 16:01:52+0100
Liechtenstein,47.14,9.55,Active cases,2022-03-15,14345,LIE,2022-03-16 16:01:52+0100
Lithuania,55.1694,23.8813,Active cases,2022-03-15,960064,LTU,2022-03-16 16:01:52+0100
Luxembourg,49.8153,6.1296,Active cases,2022-03-15,193839,LUX,2022-03-16 16:01:52+0100
Madagascar,-18.766947,46.869107,Active cases,2022-03-15,62493,MDG,2022-03-16 16:01:52+0100
Malawi,-13.2543,34.3015,Active cases,2022-03-15,82891,MWI,2022-03-16 16:01:52+0100
Malaysia,4.210484,101.975766,Active cases,2022-03-15,3838141,MYS,2022-03-16 16:01:52+0100
Maldives,3.2028,73.2207,Active cases,2022-03-15,174361,MDV,2022-03-16 16:01:52+0100
Mali,17.570692,-3.996166,Active cases,2022-03-15,29702,MLI,2022-03-16 16:01:52+0100
Malta,35.9375,14.3754,Active cases,2022-03-15,72578,MLT,2022-03-16 16:01:52+0100
Marshall Islands,7.1315,171.1845,Active cases,2022-03-15,7,MHL,2022-03-16 16:01:52+0100
Mauritania,21.0079,-10.9408,Active cases,2022-03-15,57679,MRT,2022-03-16 16:01:52+0100
Mauritius,-20.348404,57.552152,Active cases,2022-03-15,180428,MUS,2022-03-16 16:01:52+0100
Mexico,23.6345,-102.5528,Active cases,2022-03-15,5286730,MEX,2022-03-16 16:01:52+0100
Micronesia,7.4256,150.5508,Active cases,2022-03-15,1,FSM,2022-03-16 16:01:52+0100
Moldova,47.4116,28.3699,Active cases,2022-03-15,497221,MDA,2022-03-16 16:01:52+0100
Monaco,43.7333,7.4167,Active cases,2022-03-15,9849,MCO,2022-03-16 16:01:52+0100
Mongolia,46.8625,103.8467,Active cases,2022-03-15,913731,MNG,2022-03-16 16:01:52+0100
Montenegro,42.708678,19.37439,Active cases,2022-03-15,229024,MNE,2022-03-16 16:01:52+0100
Morocco,31.7917,-7.0926,Active cases,2022-03-15,1146190,MAR,2022-03-16 16:01:52+0100
Mozambique,-18.6657,35.5296,Active cases,2022-03-15,0,MOZ,2022-03-16 16:01:52+0100
Mozambique,-18.665695,35.529562,Active cases,2022-03-15,222990,MOZ,2022-03-16 16:01:52+0100
Namibia,-22.9576,18.4904,Active cases,2022-03-15,153444,NAM,2022-03-16 16:01:52+0100
Nepal,28.1667,84.25,Active cases,2022-03-15,966094,NPL,2022-03-16 16:01:52+0100
Netherlands,12.1696,-68.99,Active cases,2022-03-15,39194,NLD,2022-03-16 16:01:52+0100
Netherlands,12.1784,-68.2385,Active cases,2022-03-15,7708,NLD,2022-03-16 16:01:52+0100
Netherlands,12.5211,-69.9683,Active cases,2022-03-15,33584,NLD,2022-03-16 16:01:52+0100
Netherlands,18.0425,-63.0548,Active cases,2022-03-15,9544,NLD,2022-03-16 16:01:52+0100
Netherlands,52.1326,5.2913,Active cases,2022-03-15,7329346,NLD,2022-03-16 16:01:52+0100
New Zealand,-40.9006,174.886,Active cases,2022-03-15,399240,NZL,2022-03-16 16:01:52+0100
New Zealand,-21.2367,-159.7777,Active cases,2022-03-15,2,NZL,2022-03-16 16:01:52+0100
Nicaragua,12.865416,-85.207229,Active cases,2022-03-15,18064,NIC,2022-03-16 16:01:52+0100
Niger,17.607789,8.081666,Active cases,2022-03-15,8473,NER,2022-03-16 16:01:52+0100
Nigeria,9.082,8.6753,Active cases,2022-03-15,251859,NGA,2022-03-16 16:01:52+0100
North Macedonia,41.6086,21.7453,Active cases,2022-03-15,292740,MKD,2022-03-16 16:01:52+0100
Norway,60.472,8.4689,Active cases,2022-03-15,1361653,NOR,2022-03-16 16:01:52+0100
Oman,21.512583,55.923255,Active cases,2022-03-15,382579,OMN,2022-03-16 16:01:52+0100
Pakistan,30.3753,69.3451,Active cases,2022-03-15,1489803,PAK,2022-03-16 16:01:52+0100
Palau,7.515,134.5825,Active cases,2022-03-15,3916,PLW,2022-03-16 16:01:52+0100
Panama,8.538,-80.7821,Active cases,2022-03-15,751962,PAN,2022-03-16 16:01:52+0100
Papua New Guinea,-6.314993,143.95555,Active cases,2022-03-15,40894,PNG,2022-03-16 16:01:52+0100
Paraguay,-23.4425,-58.4438,Active cases,2022-03-15,627731,PRY,2022-03-16 16:01:52+0100
Peru,-9.19,-75.0152,Active cases,2022-03-15,3325869,PER,2022-03-16 16:01:52+0100
Philippines,12.879721,121.774017,Active cases,2022-03-15,3613668,PHL,2022-03-16 16:01:52+0100
Poland,51.9194,19.1451,Active cases,2022-03-15,5723050,POL,2022-03-16 16:01:52+0100
Portugal,39.3999,-8.2245,Active cases,2022-03-15,3391671,PRT,2022-03-16 16:01:52+0100
Qatar,25.3548,51.1839,Active cases,2022-03-15,358684,QAT,2022-03-16 16:01:52+0100
Romania,45.9432,24.9668,Active cases,2022-03-15,2734485,ROU,2022-03-16 16:01:52+0100
Russia,61.52401,105.318756,Active cases,2022-03-15,16806170,RUS,2022-03-16 16:01:52+0100
Rwanda,-1.9403,29.8739,Active cases,2022-03-15,128151,RWA,2022-03-16 16:01:52+0100
Saint Kitts and Nevis,17.357822,-62.782998,Active cases,2022-03-15,5499,KNA,2022-03-16 16:01:52+0100
Saint Lucia,13.9094,-60.9789,Active cases,2022-03-15,22491,LCA,2022-03-16 16:01:52+0100
Saint Vincent and the Grenadines,12.9843,-61.2872,Active cases,2022-03-15,8217,VCT,2022-03-16 16:01:52+0100
Samoa,-13.759,-172.1046,Active cases,2022-03-15,48,WSM,2022-03-16 16:01:52+0100
San Marino,43.9424,12.4578,Active cases,2022-03-15,14677,SMR,2022-03-16 16:01:52+0100
Sao Tome and Principe,0.1864,6.6131,Active cases,2022-03-15,5865,STP,2022-03-16 16:01:52+0100
Saudi Arabia,23.885942,45.079162,Active cases,2022-03-15,740023,SAU,2022-03-16 16:01:52+0100
Senegal,14.4974,-14.4524,Active cases,2022-03-15,83844,SEN,2022-03-16 16:01:52+0100
Serbia,44.0165,21.0059,Active cases,2022-03-15,1929523,SRB,2022-03-16 16:01:52+0100
Seychelles,-4.6796,55.492,Active cases,2022-03-15,39598,SYC,2022-03-16 16:01:52+0100
Sierra Leone,8.460555,-11.779889,Active cases,2022-03-15,7545,SLE,2022-03-16 16:01:52+0100
Singapore,1.2833,103.8333,Active cases,2022-03-15,963170,SGP,2022-03-16 16:01:52+0100
Slovakia,48.669,19.699,Active cases,2022-03-15,2276398,SVK,2022-03-16 16:01:52+0100
Slovenia,46.1512,14.9955,Active cases,2022-03-15,916592,SVN,2022-03-16 16:01:52+0100
Solomon Islands,-9.6457,160.1562,Active cases,2022-03-15,9287,SLB,2022-03-16 16:01:52+0100
Somalia,5.152149,46.199616,Active cases,2022-03-15,25049,SOM,2022-03-16 16:01:52+0100
South Africa,-30.5595,22.9375,Active cases,2022-03-15,3597096,ZAF,2022-03-16 16:01:52+0100
South Sudan,6.877,31.307,Active cases,2022-03-15,16929,SSD,2022-03-16 16:01:52+0100
Spain,40.463667,-3.74922,Active cases,2022-03-15,11158624,ESP,2022-03-16 16:01:52+0100
Sri Lanka,7.873054,80.771797,Active cases,2022-03-15,640399,LKA,2022-03-16 16:01:52+0100
Sudan,12.8628,30.2176,Active cases,2022-03-15,56841,SDN,2022-03-16 16:01:52+0100
Suriname,3.9193,-56.0278,Active cases,2022-03-15,77506,SUR,2022-03-16 16:01:52+0100
Sweden,60.128161,18.643501,Active cases,2022-03-15,2452380,SWE,2022-03-16 16:01:52+0100
Switzerland,46.8182,8.2275,Active cases,2022-03-15,3157643,CHE,2022-03-16 16:01:52+0100
Syria,34.802075,38.996815,Active cases,2022-03-15,52313,SYR,2022-03-16 16:01:52+0100
Syria,34.8021,38.9968,Active cases,2022-03-15,0,SYR,2022-03-16 16:01:52+0100
Taiwan*,23.7,121.0,Active cases,2022-03-15,20549,TWN,2022-03-16 16:01:52+0100
Tajikistan,38.861,71.2761,Active cases,2022-03-15,17661,TJK,2022-03-16 16:01:52+0100
Tanzania,-6.369028,34.888822,Active cases,2022-03-15,32926,TZA,2022-03-16 16:01:52+0100
Thailand,15.870032,100.992541,Active cases,2022-03-15,3226724,THA,2022-03-16 16:01:52+0100
Timor-Leste,-8.874217,125.727539,Active cases,2022-03-15,22660,TLS,2022-03-16 16:01:52+0100
Timor-Leste,-8.8742,125.7275,Active cases,2022-03-15,0,TLS,2022-03-16 16:01:52+0100
Togo,8.6195,0.8248,Active cases,2022-03-15,36588,TGO,2022-03-16 16:01:52+0100
Tonga,-21.179,-175.1982,Active cases,2022-03-15,2070,TON,2022-03-16 16:01:52+0100
Trinidad and Tobago,10.6918,-61.2225,Active cases,2022-03-15,129703,TTO,2022-03-16 16:01:52+0100
Tunisia,33.886917,9.537499,Active cases,2022-03-15,1001697,TUN,2022-03-16 16:01:52+0100
Turkey,38.9637,35.2433,Active cases,2022-03-15,14503948,TUR,2022-03-16 16:01:52+0100
US,40.0,-100.0,Active cases,2022-03-15,78620308,USA,2022-03-16 16:01:52+0100
Uganda,1.373333,32.290275,Active cases,2022-03-15,160003,UGA,2022-03-16 16:01:52+0100
Ukraine,48.3794,31.1656,Active cases,2022-03-15,4928059,UKR,2022-03-16 16:01:52+0100
United Arab Emirates,23.424076,53.847818,Active cases,2022-03-15,883681,ARE,2022-03-16 16:01:52+0100
United Kingdom,-51.7963,-59.5236,Active cases,2022-03-15,118,GBR,2022-03-16 16:01:52+0100
United Kingdom,-7.9467,-14.3559,Active cases,2022-03-15,4,GBR,2022-03-16 16:01:52+0100
United Kingdom,16.742498,-62.187366,Active cases,2022-03-15,169,GBR,2022-03-16 16:01:52+0100
United Kingdom,18.2206,-63.0686,Active cases,2022-03-15,2586,GBR,2022-03-16 16:01:52+0100
United Kingdom,18.4207,-64.64,Active cases,2022-03-15,6042,GBR,2022-03-16 16:01:52+0100
United Kingdom,19.3133,-81.2546,Active cases,2022-03-15,20051,GBR,2022-03-16 16:01:52+0100
United Kingdom,21.694,-71.7979,Active cases,2022-03-15,5838,GBR,2022-03-16 16:01:52+0100
United Kingdom,32.3078,-64.7505,Active cases,2022-03-15,11864,GBR,2022-03-16 16:01:52+0100
United Kingdom,36.1408,-5.3536,Active cases,2022-03-15,15987,GBR,2022-03-16 16:01:52+0100
United Kingdom,49.2138,-2.1358,Active cases,2022-03-15,41519,GBR,2022-03-16 16:01:52+0100
United Kingdom,49.3723,-2.3644,Active cases,2022-03-15,0,GBR,2022-03-16 16:01:52+0100
United Kingdom,49.448196,-2.58949,Active cases,2022-03-15,15599,GBR,2022-03-16 16:01:52+0100
United Kingdom,54.2361,-4.5481,Active cases,2022-03-15,25155,GBR,2022-03-16 16:01:52+0100
United Kingdom,55.3781,-3.436,Active cases,2022-03-15,19657086,GBR,2022-03-16 16:01:52+0100
Uruguay,-32.5228,-55.7658,Active cases,2022-03-15,860172,URY,2022-03-16 16:01:52+0100
Uzbekistan,41.377491,64.585262,Active cases,2022-03-15,235644,UZB,2022-03-16 16:01:52+0100
Vanuatu,-15.3767,166.9592,Active cases,2022-03-15,340,VUT,2022-03-16 16:01:52+0100
Venezuela,6.4238,-66.5897,Active cases,2022-03-15,512801,VEN,2022-03-16 16:01:52+0100
Vietnam,14.058324,108.277199,Active cases,2022-03-15,6511373,VNM,2022-03-16 16:01:52+0100
West Bank and Gaza,31.9522,35.2332,Active cases,2022-03-15,648446,PSE,2022-03-16 16:01:52+0100
Yemen,15.552727,48.516388,Active cases,2022-03-15,9654,YEM,2022-03-16 16:01:52+0100
Zambia,-13.133897,27.849332,Active cases,2022-03-15,311242,ZMB,2022-03-16 16:01:52+0100
Zimbabwe,-19.015438,29.154857,Active cases,2022-03-15,237493,ZWE,2022-03-16 16:01:52+0100
